Date,Min,Wind,Humidity,Cloud,Pressure,Weather_Code,Rain,hidden_state,rain_state
2009-01-31,-5.064516129032258,7.161290322580645,0.5558064516129032,0.1338709677419355,1021.6451612903226,1.15625,0.3225806451612903,1,0
2009-02-28,-0.4642857142857143,9.392857142857142,0.5714285714285714,0.15714285714285717,1016.2857142857143,1.206896551724138,0.35357142857142854,1,0
2009-03-31,2.7096774193548385,10.387096774193548,0.3732258064516129,0.14387096774193547,1013.258064516129,1.09375,0.10322580645161289,1,0
2009-04-30,4.366666666666666,8.666666666666666,0.5066666666666666,0.13833333333333334,1015.0666666666667,1.3870967741935485,1.1033333333333333,1,1
2009-05-31,12.35483870967742,9.32258064516129,0.35064516129032264,0.11612903225806452,1013.258064516129,1.34375,0.44516129032258067,0,0
2009-06-30,15.9,8.333333333333334,0.327,0.07833333333333334,1013.0666666666667,1.3225806451612903,0.7033333333333334,0,1
2009-07-31,21.193548387096776,12.129032258064516,0.18419354838709678,0.028064516129032258,1005.6774193548387,0.9375,0.0,0,0
2009-08-31,19.774193548387096,10.612903225806452,0.2567741935483871,0.045806451612903226,1009.0645161290323,1.34375,0.0032258064516129032,0,0
2009-09-30,15.233333333333333,9.033333333333333,0.30566666666666664,0.038000000000000006,1012.5333333333333,1.3870967741935485,0.19,0,0
2009-10-31,9.225806451612904,6.967741935483871,0.33,0.06258064516129032,1018.6129032258065,1.375,0.14516129032258066,1,0
2009-11-30,3.7333333333333334,7.933333333333334,0.5376666666666666,0.14266666666666666,1018.9333333333333,2.0,0.6666666666666666,1,1
2009-12-31,-1.0,6.580645161290323,0.6548387096774194,0.16096774193548388,1019.7096774193549,1.5,0.3290322580645161,1,0
2010-01-31,-0.12903225806451613,8.35483870967742,0.5229032258064517,0.15387096774193548,1020.0,1.40625,0.10967741935483871,1,0
2010-02-28,0.2857142857142857,9.321428571428571,0.5914285714285714,0.19321428571428573,1016.3928571428571,2.103448275862069,0.4035714285714286,1,0
2010-03-31,4.774193548387097,10.03225806451613,0.4990322580645162,0.14903225806451614,1016.9677419354839,1.4375,0.45483870967741935,1,0
2010-04-30,7.666666666666667,9.633333333333333,0.439,0.11233333333333334,1015.0666666666667,2.4193548387096775,0.3766666666666667,1,0
2010-05-31,12.064516129032258,9.96774193548387,0.35096774193548386,0.09225806451612903,1011.4193548387096,1.625,0.5032258064516129,0,1
2010-06-30,18.3,9.3,0.19766666666666666,0.037000000000000005,1008.5666666666667,1.7419354838709677,0.07333333333333333,0,0
2010-07-31,21.741935483870968,10.096774193548388,0.19483870967741937,0.02032258064516129,1006.6774193548387,1.75,0.009677419354838712,0,0
2010-08-31,18.516129032258064,6.354838709677419,0.24903225806451612,0.07967741935483871,1011.1935483870968,1.71875,0.6903225806451614,0,1
2010-09-30,14.766666666666667,5.933333333333334,0.28500000000000003,0.035666666666666666,1014.0666666666667,2.096774193548387,0.7433333333333334,0,1
2010-10-31,11.0,5.774193548387097,0.26387096774193547,0.05193548387096775,1015.3870967741935,1.96875,0.3870967741935484,0,0
2010-11-30,3.1,4.4,0.383,0.066,1020.9666666666667,2.967741935483871,0.2966666666666667,1,0
2010-12-31,-1.1935483870967742,4.741935483870968,0.3635483870967742,0.07129032258064516,1020.1612903225806,2.03125,0.0935483870967742,1,0
2011-01-31,-6.645161290322581,5.645161290322581,0.597741935483871,0.18903225806451615,1021.483870967742,3.28125,0.3290322580645161,1,0
2011-02-28,-5.178571428571429,7.464285714285714,0.5932142857142857,0.18821428571428572,1015.3214285714286,2.1724137931034484,0.3607142857142857,1,0
2011-03-31,0.7096774193548387,6.419354838709677,0.51,0.23225806451612904,1018.0,3.34375,0.9064516129032258,1,1
2011-04-30,6.733333333333333,7.566666666666666,0.3496666666666667,0.10133333333333333,1013.5333333333333,2.064516129032258,0.42,1,0
2011-05-31,14.290322580645162,8.774193548387096,0.2829032258064516,0.12516129032258064,1011.8709677419355,2.4375,0.8580645161290323,0,1
2011-06-30,20.6,9.7,0.1756666666666667,0.051000000000000004,1007.6666666666666,2.7096774193548385,0.9166666666666666,0,1
2011-07-31,24.0,8.612903225806452,0.1458064516129032,0.09129032258064516,1007.1612903225806,2.15625,0.42903225806451617,0,0
2011-08-31,22.774193548387096,8.741935483870968,0.1964516129032258,0.07129032258064516,1008.0322580645161,2.3125,0.3903225806451613,0,0
2011-09-30,17.433333333333334,7.166666666666667,0.18566666666666667,0.025,1012.2,2.2903225806451615,0.10333333333333332,0,0
2011-10-31,10.903225806451612,7.709677419354839,0.3116129032258065,0.13161290322580646,1016.483870967742,3.3125,1.396774193548387,1,1
2011-11-30,0.0,5.5,0.5113333333333333,0.18533333333333332,1020.4,4.096774193548387,0.7466666666666666,1,1
2011-12-31,-3.774193548387097,4.838709677419355,0.4967741935483871,0.1,1024.483870967742,3.28125,0.1064516129032258,1,0
2012-01-31,-4.838709677419355,6.612903225806452,0.4848387096774193,0.15129032258064518,1019.2258064516129,5.25,0.3709677419354839,1,0
2012-02-29,-5.357142857142857,7.357142857142857,0.5417857142857143,0.19785714285714287,1021.3571428571429,3.4482758620689653,0.26785714285714285,1,0
2012-03-31,-0.8387096774193549,9.32258064516129,0.40548387096774197,0.13,1015.9354838709677,6.625,0.5838709677419355,1,1
2012-04-30,9.333333333333334,8.0,0.4056666666666667,0.10666666666666667,1013.0,3.6451612903225805,1.4533333333333334,1,1
2012-05-31,14.806451612903226,9.580645161290322,0.27999999999999997,0.06612903225806452,1011.516129032258,2.75,1.5935483870967742,0,1
2012-06-30,19.733333333333334,7.466666666666667,0.22933333333333333,0.067,1010.1333333333333,2.967741935483871,1.2066666666666666,0,1
2012-07-31,22.548387096774192,8.064516129032258,0.20290322580645162,0.055161290322580644,1007.8387096774194,2.8125,0.8806451612903226,0,1
2012-08-31,23.032258064516128,7.548387096774194,0.1638709677419355,0.05935483870967742,1009.0967741935484,2.96875,0.26129032258064516,0,0
2012-09-30,18.133333333333333,6.733333333333333,0.21066666666666667,0.042333333333333334,1013.3333333333334,2.774193548387097,0.1,0,0
2012-10-31,11.870967741935484,5.580645161290323,0.2812903225806452,0.09161290322580645,1018.4516129032259,2.6875,0.47096774193548385,0,1
2012-11-30,5.633333333333334,5.233333333333333,0.4646666666666667,0.149,1020.2333333333333,2.967741935483871,0.55,1,1
2012-12-31,-0.4838709677419355,5.161290322580645,0.4464516129032258,0.15483870967741936,1020.3225806451613,2.84375,0.2161290322580645,1,0
2013-01-31,-2.6774193548387095,7.064516129032258,0.4464516129032258,0.12548387096774194,1018.8709677419355,3.71875,0.27741935483870966,1,0
2013-02-28,0.39285714285714285,6.642857142857143,0.3975,0.12285714285714286,1018.0357142857143,3.0,0.19999999999999998,1,0
2013-03-31,4.645161290322581,7.193548387096774,0.3696774193548387,0.16903225806451613,1014.2258064516129,3.0,0.43548387096774194,1,0
2013-04-30,10.1,6.766666666666667,0.2723333333333333,0.12400000000000001,1013.4,2.903225806451613,0.36666666666666664,0,0
2013-05-31,14.193548387096774,8.903225806451612,0.2854838709677419,0.11064516129032259,1012.741935483871,2.9375,0.8548387096774194,0,1
2013-06-30,19.3,9.766666666666667,0.18666666666666665,0.022333333333333334,1006.9,3.096774193548387,0.26666666666666666,0,0
2013-07-31,23.419354838709676,9.193548387096774,0.1629032258064516,0.00870967741935484,1005.2258064516129,3.0625,0.0064516129032258064,0,0
2013-08-31,22.193548387096776,8.612903225806452,0.2035483870967742,0.03870967741935484,1008.3870967741935,1.9375,0.0935483870967742,0,0
2013-09-30,19.133333333333333,6.966666666666667,0.11433333333333334,0.017666666666666667,1009.9666666666667,3.161290322580645,0.11666666666666667,0,0
2013-10-31,10.516129032258064,6.032258064516129,0.24580645161290324,0.03193548387096774,1017.4193548387096,3.125,0.20967741935483872,0,0
2013-11-30,4.933333333333334,4.533333333333333,0.4706666666666666,0.20633333333333334,1020.1,3.7096774193548385,0.5433333333333333,1,1
2013-12-31,-1.7419354838709677,6.193548387096774,0.5038709677419354,0.16129032258064516,1023.516129032258,6.8125,0.5096774193548387,1,1
2014-01-31,-2.5806451612903225,5.612903225806452,0.5506451612903226,0.1667741935483871,1022.2903225806451,3.15625,0.18387096774193548,1,0
2014-02-28,-4.107142857142857,5.928571428571429,0.5292857142857142,0.155,1022.9642857142857,3.6206896551724137,0.18928571428571428,1,0
2014-03-31,3.870967741935484,8.193548387096774,0.4258064516129032,0.17387096774193547,1015.3225806451613,3.59375,0.5419354838709678,1,1
2014-04-30,9.4,8.166666666666666,0.35233333333333333,0.126,1014.4,4.387096774193548,1.0133333333333332,1,1
2014-05-31,15.774193548387096,7.935483870967742,0.26741935483870966,0.10516129032258065,1012.258064516129,3.90625,1.2000000000000002,0,1
2014-06-30,20.266666666666666,9.266666666666667,0.18566666666666667,0.06666666666666667,1008.9333333333333,3.4838709677419355,0.7233333333333333,0,1
2014-07-31,24.387096774193548,9.193548387096774,0.1664516129032258,0.10451612903225807,1007.3870967741935,3.65625,0.35806451612903223,0,0
2014-08-31,23.580645161290324,7.838709677419355,0.1625806451612903,0.050967741935483875,1008.9354838709677,3.84375,0.8774193548387097,0,1
2014-09-30,19.533333333333335,7.5,0.132,0.037000000000000005,1010.7333333333333,3.6774193548387095,0.11,0,0
2014-10-31,10.870967741935484,7.161290322580645,0.32451612903225807,0.07903225806451614,1018.4193548387096,3.09375,0.20967741935483872,1,0
2014-11-30,2.8,5.233333333333333,0.4233333333333333,0.14733333333333334,1020.8,4.645161290322581,0.31333333333333335,1,0
2014-12-31,-0.5161290322580645,5.258064516129032,0.5045161290322581,0.1335483870967742,1022.6129032258065,3.5,0.3096774193548387,1,0
2015-01-31,-2.0,5.645161290322581,0.4338709677419355,0.17129032258064514,1020.6129032258065,3.125,0.20967741935483872,1,0
2015-02-28,-0.35714285714285715,6.535714285714286,0.5492857142857143,0.22357142857142856,1016.5,9.689655172413794,1.2857142857142858,1,1
2015-03-31,2.6451612903225805,8.161290322580646,0.48806451612903223,0.3270967741935484,1016.9032258064516,8.96875,0.8161290322580645,1,1
2015-04-30,9.733333333333333,9.266666666666667,0.3346666666666667,0.15866666666666665,1013.4666666666667,9.838709677419354,0.84,1,1
2015-05-31,15.870967741935484,9.096774193548388,0.2509677419354839,0.10032258064516128,1011.5806451612904,2.03125,0.8580645161290323,0,1
2015-06-30,22.2,9.4,0.20433333333333334,0.06333333333333332,1008.3333333333334,3.838709677419355,0.4566666666666667,0,1
2015-07-31,23.612903225806452,7.354838709677419,0.21548387096774194,0.07806451612903226,1009.1935483870968,3.9375,0.4580645161290323,0,1
2015-08-31,22.70967741935484,6.258064516129032,0.2264516129032258,0.01935483870967742,1011.3548387096774,3.96875,0.2903225806451613,0,0
2015-09-30,18.233333333333334,5.666666666666667,0.2796666666666667,0.13399999999999998,1014.7666666666667,4.741935483870968,0.6466666666666666,0,1
2015-10-31,13.35483870967742,7.193548387096774,0.3964516129032258,0.15903225806451612,1017.3548387096774,9.15625,0.8612903225806451,1,1
2015-11-30,3.8333333333333335,5.466666666666667,0.48233333333333334,0.1996666666666667,1019.6,5.806451612903226,0.7033333333333334,1,1
2015-12-31,-2.3870967741935485,5.548387096774194,0.5793548387096774,0.23419354838709677,1024.3870967741937,7.96875,0.8258064516129031,1,1
2016-01-31,-2.5483870967741935,6.129032258064516,0.5377419354838711,0.1970967741935484,1018.483870967742,10.71875,0.7258064516129032,1,1
2016-02-29,-1.1785714285714286,6.178571428571429,0.4921428571428571,0.1582142857142857,1021.6428571428571,8.275862068965518,0.4928571428571429,1,1
2016-03-31,4.290322580645161,9.096774193548388,0.4541935483870968,0.19451612903225807,1013.8709677419355,5.375,1.0516129032258066,1,1
2016-04-30,8.733333333333333,7.666666666666667,0.39766666666666667,0.23700000000000002,1014.2333333333333,7.838709677419355,0.7799999999999999,1,1
2016-05-31,15.35483870967742,9.612903225806452,0.3138709677419355,0.1135483870967742,1010.9677419354839,4.46875,0.6096774193548387,0,1
2016-06-30,18.6,10.633333333333333,0.24433333333333335,0.092,1010.4666666666667,1.6774193548387097,0.7033333333333334,0,1
2016-07-31,22.612903225806452,9.32258064516129,0.24225806451612902,0.19870967741935483,1007.4193548387096,5.375,0.2129032258064516,0,0
2016-08-31,20.806451612903224,5.645161290322581,0.21161290322580648,0.025483870967741937,1011.9032258064516,4.15625,0.04193548387096774,0,0
2016-09-30,18.266666666666666,7.8,0.22833333333333336,0.03866666666666666,1011.3,4.290322580645161,0.15333333333333332,0,0
2016-10-31,10.32258064516129,5.516129032258065,0.3303225806451613,0.08903225806451613,1018.3870967741935,4.28125,0.07096774193548387,1,0
2016-11-30,2.8666666666666667,5.4,0.37266666666666665,0.10566666666666666,1023.6666666666666,7.258064516129032,0.4533333333333333,1,0
2016-12-31,-2.3548387096774195,5.483870967741935,0.5135483870967742,0.26838709677419353,1021.0645161290323,10.375,1.6806451612903224,1,1
2017-01-31,-4.32258064516129,4.903225806451613,0.5325806451612903,0.1664516129032258,1020.483870967742,9.90625,0.7451612903225807,1,1
2017-02-28,-5.142857142857143,5.928571428571429,0.5675,0.21892857142857142,1021.6785714285714,13.0,0.5035714285714287,1,1
2017-03-31,1.2903225806451613,7.290322580645161,0.5416129032258065,0.2525806451612903,1016.4516129032259,10.59375,0.8516129032258064,1,1
2017-04-30,8.7,7.966666666666667,0.44,0.17833333333333332,1017.0,9.580645161290322,1.4366666666666668,1,1
2017-05-31,15.193548387096774,8.483870967741936,0.27580645161290324,0.0703225806451613,1012.0,4.53125,0.5612903225806452,0,1
2017-06-30,19.0,9.933333333333334,0.185,0.0033333333333333335,1008.9666666666667,4.709677419354839,0.05333333333333334,0,0
2017-07-31,23.419354838709676,7.67741935483871,0.21838709677419357,0.08870967741935484,1008.516129032258,4.875,0.6258064516129033,0,1
2017-08-31,23.838709677419356,5.516129032258065,0.2135483870967742,0.022903225806451613,1011.3548387096774,4.65625,0.04838709677419355,0,0
2017-09-30,20.433333333333334,5.6,0.21,0.026333333333333334,1014.4,4.806451612903226,0.006666666666666667,0,0
2017-10-31,13.064516129032258,7.193548387096774,0.2829032258064516,0.03774193548387097,1015.9677419354839,4.6875,0.29354838709677417,0,0
2017-11-30,8.033333333333333,5.733333333333333,0.35866666666666663,0.15366666666666667,1018.9666666666667,7.451612903225806,0.13666666666666666,1,0
2017-12-31,2.7096774193548385,4.580645161290323,0.4103225806451613,0.1270967741935484,1022.4516129032259,5.71875,0.25483870967741934,1,0
2018-01-31,0.2903225806451613,5.806451612903226,0.42516129032258065,0.20741935483870969,1019.0645161290323,12.71875,0.7967741935483871,1,1
2018-02-28,1.2142857142857142,5.214285714285714,0.5746428571428571,0.3071428571428571,1018.1785714285714,16.275862068965516,1.4214285714285713,1,1
2018-03-31,8.193548387096774,8.96774193548387,0.35935483870967744,0.1458064516129032,1013.1935483870968,4.875,0.4258064516129032,1,0
2018-04-30,10.133333333333333,7.566666666666666,0.39599999999999996,0.25,1015.5,20.032258064516128,1.4666666666666666,1,1
2018-05-31,14.870967741935484,6.935483870967742,0.3951612903225806,0.16225806451612904,1013.7741935483871,5.65625,1.464516129032258,1,1
2018-06-30,21.7,7.466666666666667,0.258,0.04033333333333333,1008.8333333333334,5.258064516129032,0.4,0,0
2018-07-31,26.70967741935484,8.387096774193548,0.15580645161290324,0.03645161290322581,1005.483870967742,1.34375,0.0032258064516129032,0,0
2018-08-31,25.06451612903226,8.258064516129032,0.20741935483870966,0.04161290322580645,1008.8387096774194,5.03125,0.02258064516129032,0,0
2018-09-30,20.533333333333335,6.4,0.23133333333333334,0.028,1013.9333333333333,3.225806451612903,0.26666666666666666,0,0
2018-10-31,13.903225806451612,5.709677419354839,0.41870967741935483,0.13419354838709677,1019.3870967741935,9.40625,1.1258064516129032,1,1
2018-11-30,6.2,4.6,0.5523333333333333,0.3223333333333333,1021.5333333333333,10.935483870967742,1.0066666666666666,1,1
2018-12-31,3.193548387096774,5.193548387096774,0.46161290322580645,0.18870967741935482,1019.6774193548387,8.46875,0.5129032258064516,1,1
2019-01-31,2.2903225806451615,9.451612903225806,0.39,0.26129032258064516,1018.2258064516129,23.1875,2.774193548387097,1,1
2019-02-28,3.7857142857142856,8.392857142857142,0.3335714285714286,0.21892857142857142,1018.4642857142857,23.310344827586206,0.9535714285714285,1,1
2019-03-31,6.129032258064516,9.516129032258064,0.34,0.28161290322580645,1014.1290322580645,23.78125,1.332258064516129,1,1
2019-04-30,11.666666666666666,8.866666666666667,0.29133333333333333,0.26166666666666666,1014.2,24.161290322580644,1.72,1,1
2019-05-31,21.193548387096776,7.806451612903226,0.21774193548387097,0.24967741935483873,1012.7096774193549,16.3125,1.1516129032258065,1,1
2019-06-30,26.6,9.266666666666667,0.19166666666666668,0.09666666666666666,1010.3666666666667,8.548387096774194,0.21000000000000002,0,0
2019-07-31,28.612903225806452,12.387096774193548,0.16709677419354838,0.11741935483870967,1005.3870967741935,4.625,0.016129032258064516,0,0
2019-08-31,26.677419354838708,8.67741935483871,0.19129032258064516,0.09774193548387097,1009.8387096774194,5.03125,0.08064516129032258,0,0
2019-09-30,23.233333333333334,8.433333333333334,0.23866666666666667,0.03333333333333333,1012.7333333333333,4.967741935483871,0.03666666666666667,0,0
2019-10-31,16.806451612903224,6.967741935483871,0.3345161290322581,0.22483870967741934,1017.483870967742,23.84375,1.8225806451612903,1,1
2019-11-30,7.4,5.833333333333333,0.498,0.28300000000000003,1022.4666666666667,21.870967741935484,2.2866666666666666,1,1
2019-12-31,5.096774193548387,5.838709677419355,0.4703225806451613,0.28612903225806446,1019.1290322580645,21.03125,2.0677419354838706,1,1
2020-01-31,0.5483870967741935,6.32258064516129,0.5412903225806452,0.34516129032258064,1021.0322580645161,41.15625,0.9483870967741936,1,1
2020-02-29,1.7142857142857142,9.678571428571429,0.48392857142857143,0.32107142857142856,1018.4285714285714,21.24137931034483,5.867857142857143,1,1
2020-03-31,8.290322580645162,8.096774193548388,0.40709677419354834,0.39483870967741935,1015.7096774193549,48.21875,3.1838709677419357,1,1
2020-04-30,11.466666666666667,10.833333333333334,0.43066666666666664,0.44433333333333336,1014.1666666666666,45.96774193548387,4.746666666666667,1,1
2020-05-31,19.516129032258064,11.774193548387096,0.2664516129032258,0.23451612903225807,1012.8387096774194,16.96875,1.6,1,1
2020-06-30,25.766666666666666,12.1,0.16999999999999998,0.043000000000000003,1008.2666666666667,5.741935483870968,0.14666666666666667,0,0
2020-07-31,26.677419354838708,9.193548387096774,0.21,0.21451612903225808,1007.8387096774194,3.71875,0.2903225806451613,0,0
2020-08-31,25.225806451612904,9.935483870967742,0.24903225806451612,0.08193548387096775,1007.2258064516129,6.0,0.22580645161290322,0,0
2020-09-30,22.166666666666668,7.0,0.2366666666666667,0.05633333333333333,1015.1666666666666,5.741935483870968,0.04333333333333333,0,0
2020-10-31,15.35483870967742,5.67741935483871,0.2809677419354839,0.19129032258064516,1020.1612903225806,17.4375,2.106451612903226,1,1
2020-11-30,11.857142857142858,5.785714285714286,0.36357142857142855,0.4014285714285714,1020.1428571428571,43.93333333333333,3.0714285714285716,1,1
