Date,SPI,SPI_binary
2009-01-31,-0.31584789401342106,0
2009-02-28,-0.24573362924203318,0
2009-03-31,-1.0599013775935016,0
2009-04-30,0.811583546241957,1
2009-05-31,-0.06122608128956618,0
2009-06-30,0.34603156610366714,1
2009-07-31,,1
2009-08-31,-2.541787096967057,0
2009-09-30,-0.687867724094963,0
2009-10-31,-0.858588761900019,0
2009-11-30,0.2952332249659778,1
2009-12-31,-0.300866100370067,0
2010-01-31,-1.0252220685370104,0
2010-02-28,-0.1413210541644171,0
2010-03-31,-0.0433473160151941,0
2010-04-30,-0.1962853532646339,0
2010-05-31,0.042281283857826715,1
2010-06-30,-1.247299838173677,0
2010-07-31,-2.1496242141776563,0
2010-08-31,0.32821468177035934,1
2010-09-30,0.39946126083523387,1
2010-10-31,-0.17465781021973095,0
2010-11-30,-0.3782938609257962,0
2010-12-31,-1.1152479987567623,0
2011-01-31,-0.300866100370067,0
2011-02-28,-0.23020101131060716,0
2011-03-31,0.5994676987128552,1
2011-04-30,-0.1090197089094257,0
2011-05-31,0.5428081697972873,1
2011-06-30,0.6111739764094681,1
2011-07-31,-0.09163776488765266,0
2011-08-31,-0.16805249256323634,0
2011-09-30,-1.0593096970519718,0
2011-10-31,1.0865608913427616,1
2011-11-30,0.40382615532605465,1
2011-12-31,-1.0423566359881995,0
2012-01-31,-0.20828231831478747,0
2012-02-29,-0.452539692635807,0
2012-03-31,0.1731497713309635,1
2012-04-30,1.1352282267521256,1
2012-05-31,1.2509725746381897,1
2012-06-30,0.9132079008275844,1
2012-07-31,0.5695035816935744,1
2012-08-31,-0.47027062116299023,0
2012-09-30,-1.0778802752766565,0
2012-10-31,-0.014129968846788589,0
2012-11-30,0.11979936150995933,1
2012-12-31,-0.6020242102585942,0
2013-01-31,-0.42727948726336973,0
2013-02-28,-0.6540312182513672,0
2013-03-31,-0.0793786048959656,0
2013-04-30,-0.21742356953512668,0
2013-05-31,0.5389569440108963,1
2013-06-30,-0.4557303307728497,0
2013-07-31,-2.300273478679245,0
2013-08-31,-1.1152479987567623,0
2013-09-30,-0.9894019958521446,0
2013-10-31,-0.6224684977081061,0
2013-11-30,0.1090352956082821,1
2013-12-31,0.05326091342020463,1
2014-01-31,-0.7092710623575254,0
2014-02-28,-0.6903351938855057,0
2014-03-31,0.10676683051953795,1
2014-04-30,0.7179564580367815,1
2014-05-31,0.9068234716540755,1
2014-06-30,0.37299351948592135,1
2014-07-31,-0.23593732967636546,0
2014-08-31,0.5657177226864314,1
2014-09-30,-1.0235303088062735,0
2014-10-31,-0.6224684977081061,0
2014-11-30,-0.3377020227583873,0
2014-12-31,-0.34647016706794526,0
2015-01-31,-0.6224684977081061,0
2015-02-28,0.9872532567817536,1
2015-03-31,0.4919758955105974,1
2015-04-30,0.521116859416498,1
2015-05-31,0.5428081697972873,1
2015-06-30,-0.040000098830432734,0
2015-07-31,-0.037446761299278854,0
2015-08-31,-0.3941783998778547,0
2015-09-30,0.2667279990278969,1
2015-10-31,0.5466498735883074,1
2015-11-30,0.34603156610366714,1
2015-12-31,0.5038568005670251,1
2016-01-31,0.3762927026738685,1
2016-02-29,0.024429686950333877,1
2016-03-31,0.7584097024298206,1
2016-04-30,0.4467776176963055,1
2016-05-31,0.21239610296388517,1
2016-06-30,0.34603156610366714,1
2016-07-31,-0.6121888128191908,0
2016-08-31,-1.5275211096387058,0
2016-09-30,-0.8247466909243361,0
2016-10-31,-1.2645869071609517,0
2016-11-30,-0.046110901080304544,0
2016-12-31,1.3197023086910835,1
2017-01-31,0.4018565258325485,1
2017-02-28,0.04287193665497129,1
2017-03-31,0.5350961332149518,1
2017-04-30,1.1210126448563185,1
2017-05-31,0.13782655513293193,1
2017-06-30,-1.4105792679818139,0
2017-07-31,0.23635454881539886,1
2017-08-31,-1.4585376183497818,0
2017-09-30,-2.288367155105433,0
2017-10-31,-0.3860704445131741,0
2017-11-30,-0.8953473931432983,0
2017-12-31,-0.4880106468974611,0
2018-01-31,0.46793140025338914,1
2018-02-28,1.1079246460752552,1
2018-03-31,-0.09781585853974041,0
2018-04-30,1.1465272373087951,1
2018-05-31,1.144709184318925,1
2018-06-30,-0.14846518993594454,0
2018-07-31,-2.541787096967057,0
2018-08-31,-1.8072072854099455,0
2018-09-30,-0.4557303307728497,0
2018-10-31,0.8341881780488364,1
2018-11-30,0.7108104975445214,1
2018-12-31,0.0587147574501403,1
2019-01-31,2.04188540638805,1
2019-02-28,0.6527690698701389,1
2019-03-31,1.029506939516768,1
2019-04-30,1.3500344226846344,1
2019-05-31,0.8597910987723497,1
2019-06-30,-0.6214352591754695,0
2019-07-31,-1.9481384497266516,0
2019-08-31,-1.1965388789209623,0
2019-09-30,-1.5906716217870702,0
2019-10-31,1.427135825030956,1
2019-11-30,1.7463227130205503,1
2019-12-31,1.601209541641153,1
2020-01-31,0.6469900635700163,1
2020-02-29,3.4410048712013146,1
2020-03-31,2.267155424036959,1
2020-04-30,2.9986051755473015,1
2020-05-31,1.2561425059897107,1
2020-06-30,-0.8522473360682967,0
2020-07-31,-0.3941783998778547,0
2020-08-31,-0.5721904645075733,0
2020-09-30,-1.5118706327509481,0
2020-10-31,1.6275229447260695,1
2020-11-30,2.20711518251416,1
