,,0.0,1.0,2.0,3.0,4.0,5.0
0.0,0.0,0.8775510204081632,0.11224489795918367,0.01020408163265306,0.0,0.0,0.0
0.0,1.0,0.5384615384615384,0.38461538461538464,0.07692307692307693,0.0,0.0,0.0
0.0,2.0,0.5,0.0,0.0,0.5,0.0,0.0
0.0,3.0,0.0,0.0,0.0,0.0,0.0,0.0
0.0,4.0,0.0,0.0,0.0,0.0,0.0,0.0
0.0,5.0,0.0,0.0,0.0,1.0,0.0,0.0
1.0,0.0,0.8461538461538461,0.07692307692307693,0.07692307692307693,0.0,0.0,0.0
1.0,1.0,0.7142857142857143,0.2857142857142857,0.0,0.0,0.0,0.0
1.0,2.0,0.0,0.0,1.0,0.0,0.0,0.0
1.0,3.0,0.0,0.0,0.0,0.0,0.0,0.0
1.0,4.0,0.0,0.0,0.0,0.0,0.0,0.0
1.0,5.0,0.0,0.0,0.0,0.0,0.0,0.0
2.0,0.0,0.0,0.5,0.0,0.0,0.0,0.5
2.0,1.0,0.0,0.0,0.0,0.0,0.0,0.0
2.0,2.0,1.0,0.0,0.0,0.0,0.0,0.0
2.0,3.0,0.0,0.0,0.0,0.0,0.0,0.0
2.0,4.0,0.0,0.0,0.0,0.0,0.0,0.0
2.0,5.0,0.0,0.0,0.0,0.0,0.0,0.0
3.0,0.0,0.0,0.0,0.0,0.0,0.0,0.0
3.0,1.0,0.0,0.0,0.0,0.0,0.0,0.0
3.0,2.0,0.0,0.0,0.0,0.0,0.0,0.0
3.0,3.0,0.0,0.0,0.0,0.0,0.0,0.0
3.0,4.0,0.0,1.0,0.0,0.0,0.0,0.0
3.0,5.0,0.0,0.0,0.0,0.0,0.0,0.0
4.0,0.0,0.0,0.0,0.0,0.0,0.0,0.0
4.0,1.0,1.0,0.0,0.0,0.0,0.0,0.0
4.0,2.0,0.0,0.0,0.0,0.0,0.0,0.0
4.0,3.0,0.0,0.0,0.0,0.0,0.0,0.0
4.0,4.0,0.0,0.0,0.0,0.0,0.0,0.0
4.0,5.0,0.0,0.0,0.0,0.0,0.0,0.0
5.0,0.0,0.0,0.0,0.0,0.0,0.0,0.0
5.0,1.0,0.0,0.0,0.0,0.0,0.0,0.0
5.0,2.0,0.0,0.0,0.0,0.0,0.0,0.0
5.0,3.0,0.0,0.0,0.0,0.0,1.0,0.0
5.0,4.0,0.0,0.0,0.0,0.0,0.0,0.0
5.0,5.0,0.0,0.0,0.0,0.0,0.0,0.0
