,P(0),P(1)
"(0, 0, 0, 0, 0)",0.0,1.0
"(0, 0, 0, 0, 1)",0.30000000000000004,0.7
"(0, 0, 0, 1, 0)",0.6666666666666667,0.3333333333333333
"(0, 0, 0, 1, 1)",0.33333333333333337,0.6666666666666666
"(0, 0, 1, 0, 0)",0.75,0.25
"(0, 0, 1, 0, 1)",0.0,1.0
"(0, 0, 1, 1, 0)",0.75,0.25
"(0, 0, 1, 1, 1)",0.0,1.0
"(0, 1, 0, 0, 0)",1.0,0.0
"(0, 1, 0, 0, 1)",0.0,1.0
"(0, 1, 0, 1, 0)",1.0,0.0
"(0, 1, 0, 1, 1)",1.0,0.0
"(0, 1, 1, 0, 0)",0.8333333333333334,0.16666666666666666
"(0, 1, 1, 0, 1)",0.0,1.0
"(0, 1, 1, 1, 0)",1.0,0.0
"(0, 1, 1, 1, 1)",0.2857142857142857,0.7142857142857143
"(1, 0, 0, 0, 0)",0.7,0.3
"(1, 0, 0, 0, 1)",0.4,0.6
"(1, 0, 0, 1, 0)",1.0,0.0
"(1, 0, 0, 1, 1)",0.5,0.5
"(1, 0, 1, 0, 0)",1.0,0.0
"(1, 0, 1, 0, 1)",1.0,0.0
"(1, 0, 1, 1, 0)",1.0,0.0
"(1, 0, 1, 1, 1)",1.0,0.0
"(1, 1, 0, 0, 0)",0.5,0.5
"(1, 1, 0, 0, 1)",0.0,1.0
"(1, 1, 0, 1, 0)",1.0,0.0
"(1, 1, 0, 1, 1)",1.0,0.0
"(1, 1, 1, 0, 0)",1.0,0.0
"(1, 1, 1, 0, 1)",1.0,0.0
"(1, 1, 1, 1, 0)",0.7142857142857143,0.2857142857142857
"(1, 1, 1, 1, 1)",0.2941176470588235,0.7058823529411765
